{
  "project_info": {
    "project_number": "1059656877209",
    "project_id": "medtrack-134d1",
    "storage_bucket": "medtrack-134d1.appspot.com"
  },
  "client": [
    {
      "client_info": {
        "mobilesdk_app_id": "1:1059656877209:android:e06c795d6cac51c99be408",
        "android_client_info": {
          "package_name": "com.example.medtrack"
        }
      },
      "oauth_client": [
        {
          "client_id": "1059656877209-c88vc2haqdo449m5djjrtft990q2f2oa.apps.googleusercontent.com",
          "client_type": 3
        }
      ],
      "api_key": [
        {
          "current_key": "AIzaSyAfoWub0mANp0MfNlzSTUe2aSA60pavVWE"
        }
      ],
      "services": {
        "appinvite_service": {
          "other_platform_oauth_client": [
            {
              "client_id": "1059656877209-c88vc2haqdo449m5djjrtft990q2f2oa.apps.googleusercontent.com",
              "client_type": 3
            }
          ]
        }
      }
    }
  ],
  "configuration_version": "1"
}